{
  "best_valid": {
    "accuracy": 0.7677425355780858,
    "macro_f1": 0.7794620512625547,
    "weighted_f1": 0.768292304430873,
    "classification_report": {
      "negative": {
        "precision": 0.880168776371308,
        "recall": 0.7596504005826656,
        "f1-score": 0.815480844409695,
        "support": 1373.0
      },
      "neutral": {
        "precision": 0.7290310225967063,
        "recall": 0.7911471321695761,
        "f1-score": 0.7588200119593382,
        "support": 4812.0
      },
      "positive": {
        "precision": 0.783609576427256,
        "recall": 0.7455102934734997,
        "f1-score": 0.7640852974186307,
        "support": 4566.0
      },
      "accuracy": 0.7677425355780858,
      "macro avg": {
        "precision": 0.7976031251317567,
        "recall": 0.7654359420752471,
        "f1-score": 0.7794620512625547,
        "support": 10751.0
      },
      "weighted avg": {
        "precision": 0.7715124487638366,
        "recall": 0.7677425355780858,
        "f1-score": 0.768292304430873,
        "support": 10751.0
      }
    },
    "confusion_matrix": [
      [
        1043,
        277,
        53
      ],
      [
        118,
        3807,
        887
      ],
      [
        24,
        1138,
        3404
      ]
    ]
  },
  "final_test": {
    "accuracy": 0.7664342166434217,
    "macro_f1": 0.780295739771907,
    "weighted_f1": 0.7669307808553275,
    "classification_report": {
      "negative": {
        "precision": 0.8774671052631579,
        "recall": 0.776,
        "f1-score": 0.8236202238517947,
        "support": 1375.0
      },
      "neutral": {
        "precision": 0.7265282803275567,
        "recall": 0.7926449200083108,
        "f1-score": 0.7581478537360891,
        "support": 4813.0
      },
      "positive": {
        "precision": 0.7838152985074627,
        "recall": 0.7359316838186993,
        "f1-score": 0.7591191417278373,
        "support": 4567.0
      },
      "accuracy": 0.7664342166434217,
      "macro avg": {
        "precision": 0.7959368946993924,
        "recall": 0.76819220127567,
        "f1-score": 0.780295739771907,
        "support": 10755.0
      },
      "weighted avg": {
        "precision": 0.7701517760331896,
        "recall": 0.7664342166434217,
        "f1-score": 0.7669307808553275,
        "support": 10755.0
      }
    },
    "confusion_matrix": [
      [
        1067,
        251,
        57
      ],
      [
        128,
        3815,
        870
      ],
      [
        21,
        1185,
        3361
      ]
    ]
  }
}