{
  "valid": {
    "accuracy": 0.7595572504883267,
    "macro_f1": 0.7678123656324901,
    "weighted_f1": 0.7592116900670531,
    "classification_report": {
      "negative": {
        "precision": 0.7382885696439725,
        "recall": 0.8608885651857247,
        "f1-score": 0.7948890383322125,
        "support": 1373.0
      },
      "neutral": {
        "precision": 0.7457130907570054,
        "recall": 0.7410640066500416,
        "f1-score": 0.7433812799666458,
        "support": 4812.0
      },
      "positive": {
        "precision": 0.7825091575091575,
        "recall": 0.7485764345159878,
        "f1-score": 0.765166778598612,
        "support": 4566.0
      },
      "accuracy": 0.7595572504883267,
      "macro avg": {
        "precision": 0.7555036059700452,
        "recall": 0.7835096687839179,
        "f1-score": 0.7678123656324901,
        "support": 10751.0
      },
      "weighted avg": {
        "precision": 0.7603923739215606,
        "recall": 0.7595572504883267,
        "f1-score": 0.7592116900670531,
        "support": 10751.0
      }
    },
    "confusion_matrix": [
      [
        1182,
        154,
        37
      ],
      [
        333,
        3566,
        913
      ],
      [
        86,
        1062,
        3418
      ]
    ]
  },
  "test": {
    "accuracy": 0.7590887959088796,
    "macro_f1": 0.7695433889811882,
    "weighted_f1": 0.7586211063984165,
    "classification_report": {
      "negative": {
        "precision": 0.7447335811648079,
        "recall": 0.8741818181818182,
        "f1-score": 0.804282368685179,
        "support": 1375.0
      },
      "neutral": {
        "precision": 0.7421696743414229,
        "recall": 0.7434032827758155,
        "f1-score": 0.7427859663691094,
        "support": 4813.0
      },
      "positive": {
        "precision": 0.7833333333333333,
        "recall": 0.7409678125684257,
        "f1-score": 0.7615618318892765,
        "support": 4567.0
      },
      "accuracy": 0.7590887959088796,
      "macro avg": {
        "precision": 0.756745529613188,
        "recall": 0.7861843045086864,
        "f1-score": 0.7695433889811882,
        "support": 10755.0
      },
      "weighted avg": {
        "precision": 0.7599771873584577,
        "recall": 0.7590887959088796,
        "f1-score": 0.7586211063984165,
        "support": 10755.0
      }
    },
    "confusion_matrix": [
      [
        1202,
        133,
        40
      ],
      [
        339,
        3578,
        896
      ],
      [
        73,
        1110,
        3384
      ]
    ]
  }
}